set_id,set_name,card_id,card_number,card_name,status,verified_source_url,review
2011bw,McDonald's Collection 2011,2011bw-7,7,Munna,missing,,
2011bw,McDonald's Collection 2011,2011bw-8,8,Sandile,missing,,
2011bw,McDonald's Collection 2011,2011bw-9,9,Zorua,missing,,
2011bw,McDonald's Collection 2011,2011bw-12,12,Audino,missing,,
2012bw,McDonald's Collection 2012,2012bw-1,1,Servine,missing,,
2012bw,McDonald's Collection 2012,2012bw-2,2,Pansage,missing,,
2012bw,McDonald's Collection 2012,2012bw-3,3,Dwebble,missing,,
2012bw,McDonald's Collection 2012,2012bw-5,5,Dewott,missing,,
2012bw,McDonald's Collection 2012,2012bw-8,8,Drilbur,missing,,
2012bw,McDonald's Collection 2012,2012bw-9,9,Purrloin,missing,,
2012bw,McDonald's Collection 2012,2012bw-10,10,Scraggy,missing,,
2012bw,McDonald's Collection 2012,2012bw-11,11,Klang,missing,,
2014xy,McDonald's Collection 2014,2014xy-1,1,Weedle,missing,,
2014xy,McDonald's Collection 2014,2014xy-2,2,Chespin,missing,,
2014xy,McDonald's Collection 2014,2014xy-3,3,Fennekin,missing,,
2014xy,McDonald's Collection 2014,2014xy-4,4,Froakie,missing,,
2014xy,McDonald's Collection 2014,2014xy-5,5,Pikachu,missing,,
2014xy,McDonald's Collection 2014,2014xy-6,6,Inkay,missing,,
2014xy,McDonald's Collection 2014,2014xy-7,7,Honedge,missing,,
2014xy,McDonald's Collection 2014,2014xy-8,8,Snubbull,missing,,
2014xy,McDonald's Collection 2014,2014xy-9,9,Swirlix,missing,,
2014xy,McDonald's Collection 2014,2014xy-10,10,Bunnelby,missing,,
2014xy,McDonald's Collection 2014,2014xy-11,11,Fletchling,missing,,
2014xy,McDonald's Collection 2014,2014xy-12,12,Furfrou,missing,,
2015xy,McDonald's Collection 2015,2015xy-1,1,Treecko,missing,,
2015xy,McDonald's Collection 2015,2015xy-2,2,Lotad,missing,,
2015xy,McDonald's Collection 2015,2015xy-3,3,Torchic,missing,,
2015xy,McDonald's Collection 2015,2015xy-4,4,Staryu,missing,,
2015xy,McDonald's Collection 2015,2015xy-5,5,Mudkip,missing,,
2015xy,McDonald's Collection 2015,2015xy-6,6,Pikachu,missing,,
2015xy,McDonald's Collection 2015,2015xy-7,7,Electrike,missing,,
2015xy,McDonald's Collection 2015,2015xy-8,8,Rhyhorn,missing,,
2015xy,McDonald's Collection 2015,2015xy-9,9,Meditite,missing,,
2015xy,McDonald's Collection 2015,2015xy-10,10,Marill,missing,,
2015xy,McDonald's Collection 2015,2015xy-11,11,Zigzagoon,missing,,
2015xy,McDonald's Collection 2015,2015xy-12,12,Skitty,missing,,
2016xy,McDonald's Collection 2016,2016xy-6,6,Pikachu,missing,,
2016xy,McDonald's Collection 2016,2016xy-8,8,Jigglypuff,missing,,
2017sm,McDonald's Collection 2017,2017sm-1,1,Rowlet,missing,,
2017sm,McDonald's Collection 2017,2017sm-2,2,Grubbin,missing,,
2017sm,McDonald's Collection 2017,2017sm-3,3,Litten,missing,,
2017sm,McDonald's Collection 2017,2017sm-4,4,Popplio,missing,,
2017sm,McDonald's Collection 2017,2017sm-5,5,Pikachu,missing,,
2017sm,McDonald's Collection 2017,2017sm-6,6,Cosmog,missing,,
2017sm,McDonald's Collection 2017,2017sm-7,7,Crabrawler,missing,,
2017sm,McDonald's Collection 2017,2017sm-8,8,Alolan Meowth,missing,,
2017sm,McDonald's Collection 2017,2017sm-9,9,Alolan Diglett,missing,,
2017sm,McDonald's Collection 2017,2017sm-10,10,Cutiefly,missing,,
2017sm,McDonald's Collection 2017,2017sm-11,11,Pikipek,missing,,
2017sm,McDonald's Collection 2017,2017sm-12,12,Yungoos,missing,,
2018sm,McDonald's Collection 2018,2018sm-1,1,Growlithe,missing,,
2018sm,McDonald's Collection 2018,2018sm-2,2,Psyduck,missing,,
2018sm,McDonald's Collection 2018,2018sm-3,3,Horsea,missing,,
2018sm,McDonald's Collection 2018,2018sm-4,4,Pikachu,missing,,
2018sm,McDonald's Collection 2018,2018sm-5,5,Slowpoke,missing,,
2018sm,McDonald's Collection 2018,2018sm-6,6,Machop,missing,,
2018sm,McDonald's Collection 2018,2018sm-7,7,Cubone,missing,,
2018sm,McDonald's Collection 2018,2018sm-8,8,Magnemite,missing,,
2018sm,McDonald's Collection 2018,2018sm-9,9,Dratini,missing,,
2018sm,McDonald's Collection 2018,2018sm-10,10,Chansey,missing,,
2018sm,McDonald's Collection 2018,2018sm-11,11,Eevee,missing,,
2018sm,McDonald's Collection 2018,2018sm-12,12,Porygon,missing,,
2019sm,McDonald's Collection 2019,2019sm-3,3,Magmar,missing,,
2019sm,McDonald's Collection 2019,2019sm-5,5,Lapras,missing,,
2019sm,McDonald's Collection 2019,2019sm-12,12,Eevee,missing,,
2021swsh,McDonald's Collection 2021,2021swsh-4,4,Turtwig,missing,,
2021swsh,McDonald's Collection 2021,2021swsh-6,6,Chespin,missing,,
2021swsh,McDonald's Collection 2021,2021swsh-7,7,Rowlet,missing,,
2021swsh,McDonald's Collection 2021,2021swsh-8,8,Grookey,missing,,
2021swsh,McDonald's Collection 2021,2021swsh-12,12,Chimchar,missing,,
2021swsh,McDonald's Collection 2021,2021swsh-13,13,Tepig,missing,,
2021swsh,McDonald's Collection 2021,2021swsh-18,18,Totodile,missing,,
2021swsh,McDonald's Collection 2021,2021swsh-19,19,Mudkip,missing,,
2021swsh,McDonald's Collection 2021,2021swsh-21,21,Oshawott,missing,,
2021swsh,McDonald's Collection 2021,2021swsh-24,24,Sobble,missing,,
2022swsh,McDonald's Collection 2022,2022swsh-4,4,Growlithe,missing,,
2022swsh,McDonald's Collection 2022,2022swsh-5,5,Victini,missing,,
2022swsh,McDonald's Collection 2022,2022swsh-6,6,Lapras,missing,,
2022swsh,McDonald's Collection 2022,2022swsh-8,8,Chinchou,missing,,
2022swsh,McDonald's Collection 2022,2022swsh-11,11,Cutiefly,missing,,
2022swsh,McDonald's Collection 2022,2022swsh-12,12,Bewear,missing,,
2022swsh,McDonald's Collection 2022,2022swsh-14,14,Drampa,missing,,
2023sv,McDonald's Collection 2023,2023sv-1,1,Sprigatito,missing,,
2023sv,McDonald's Collection 2023,2023sv-2,2,Fuecoco,missing,,
2023sv,McDonald's Collection 2023,2023sv-3,3,Quaxly,missing,,
2023sv,McDonald's Collection 2023,2023sv-4,4,Cetoddle,missing,,
2023sv,McDonald's Collection 2023,2023sv-5,5,Cetitan,missing,,
2023sv,McDonald's Collection 2023,2023sv-6,6,Pikachu,missing,,
2023sv,McDonald's Collection 2023,2023sv-7,7,Pawmi,missing,,
2023sv,McDonald's Collection 2023,2023sv-8,8,Kilowattrel,missing,,
2023sv,McDonald's Collection 2023,2023sv-9,9,Flittle,missing,,
2023sv,McDonald's Collection 2023,2023sv-10,10,Sandaconda,missing,,
2023sv,McDonald's Collection 2023,2023sv-11,11,Klawf,missing,,
2023sv,McDonald's Collection 2023,2023sv-12,12,Blissey,missing,,
2023sv,McDonald's Collection 2023,2023sv-13,13,Tandemaus,missing,,
2023sv,McDonald's Collection 2023,2023sv-14,14,Cyclizar,missing,,
2023sv,McDonald's Collection 2023,2023sv-15,15,Kirlia,missing,,
2024sv,McDonald's Collection 2024,2024sv-1,1,Charizard,missing,,
2024sv,McDonald's Collection 2024,2024sv-2,2,Pikachu,missing,,
2024sv,McDonald's Collection 2024,2024sv-3,3,Miraidon,missing,,
2024sv,McDonald's Collection 2024,2024sv-4,4,Jigglypuff,missing,,
2024sv,McDonald's Collection 2024,2024sv-5,5,Hatenna,missing,,
2024sv,McDonald's Collection 2024,2024sv-6,6,Dragapult,missing,,
2024sv,McDonald's Collection 2024,2024sv-7,7,Quagsire,missing,,
2024sv,McDonald's Collection 2024,2024sv-8,8,Koraidon,missing,,
2024sv,McDonald's Collection 2024,2024sv-9,9,Umbreon,missing,,
2024sv,McDonald's Collection 2024,2024sv-10,10,Hydreigon,missing,,
2024sv,McDonald's Collection 2024,2024sv-11,11,Roaring Moon,missing,,
2024sv,McDonald's Collection 2024,2024sv-12,12,Dragonite,missing,,
2024sv,McDonald's Collection 2024,2024sv-13,13,Eevee,missing,,
2024sv,McDonald's Collection 2024,2024sv-14,14,Rayquaza,missing,,
2024sv,McDonald's Collection 2024,2024sv-15,15,Drampa,missing,,
30th-c,30th Classic Collection,30th-c-001,001,Charizard,missing,,
30th-c,30th Classic Collection,30th-c-002,002,Delcatty,missing,,
30th-c,30th Classic Collection,30th-c-003,003,Metagross,missing,,
30th-c,30th Classic Collection,30th-c-004,004,Genesect EX,missing,,
30th-c,30th Classic Collection,30th-c-005,005,Misty,missing,,
30th-c,30th Classic Collection,30th-c-006,006,Dark Tyranitar,missing,,
30th-c,30th Classic Collection,30th-c-007,007,Sneasel,missing,,
30th-c,30th Classic Collection,30th-c-008,008,Pikachu & Zekrom GX,missing,,
30th-c,30th Classic Collection,30th-c-009,009,Greninja BREAK,missing,,
30th-c,30th Classic Collection,30th-c-010,010,Uxie,missing,,
30th-c,30th Classic Collection,30th-c-011,011,Crobat G,missing,,
30th-c,30th Classic Collection,30th-c-012,012,Raikou,missing,,
30th-c,30th Classic Collection,30th-c-013,013,Buzzwole GX,missing,,
30th-c,30th Classic Collection,30th-c-014,014,Pikachu,missing,,
30th-c,30th Classic Collection,30th-c-015,015,Erika's Jigglypuff,missing,,
30th-c,30th Classic Collection,30th-c-016,016,Rayquaza EX,missing,,
30th-c,30th Classic Collection,30th-c-017,017,Solgaleo GX,missing,,
30th-c,30th Classic Collection,30th-c-018,018,Gengar,missing,,
30th-c,30th Classic Collection,30th-c-019,019,Darkrai & Cresselia LEGEND,missing,,
30th-c,30th Classic Collection,30th-c-020,020,Darkrai & Cresselia LEGEND,missing,,
30th-c,30th Classic Collection,30th-c-021,021,N,missing,,
30th-c,30th Classic Collection,30th-c-022,022,Palkia,missing,,
30th-c,30th Classic Collection,30th-c-023,023,M Gardevoir EX,missing,,
30th-c,30th Classic Collection,30th-c-024,024,Shining Celebi,missing,,
30th-c,30th Classic Collection,30th-c-025,025,Scizor ex,missing,,
30th-c,30th Classic Collection,30th-c-026,026,Mew VMAX,missing,,
30th-c,30th Classic Collection,30th-c-027,027,Arceus VSTAR,missing,,
30th-c,30th Classic Collection,30th-c-028,028,Zacian V,missing,,
30th-c,30th Classic Collection,30th-c-029,029,Lugia,missing,,
30th-c,30th Classic Collection,30th-c-030,030,Magikarp,missing,,
B1a,Crimson Blaze,B1a-088,088,Oddish,missing,,
P-A,Promos-A,P-A-074,074,Zeraora,missing,,
P-A,Promos-A,P-A-075,075,Kartana,missing,,
P-A,Promos-A,P-A-076,076,Blacephalon,missing,,
P-A,Promos-A,P-A-077,077,Xurkitree,missing,,
P-A,Promos-A,P-A-078,078,Dawn Wings Necrozma,missing,,
P-A,Promos-A,P-A-079,079,Dusk Mane Necrozma,missing,,
P-A,Promos-A,P-A-080,080,Stakataka,missing,,
P-A,Promos-A,P-A-081,081,Ultra Necrozma ex,missing,,
P-A,Promos-A,P-A-082,082,Poipole,missing,,
P-A,Promos-A,P-A-083,083,Stufful,missing,,
P-A,Promos-A,P-A-084,084,Tapu Koko ex,missing,,
P-A,Promos-A,P-A-085,085,Vanillite,missing,,
P-A,Promos-A,P-A-086,086,Jolteon,missing,,
P-A,Promos-A,P-A-087,087,Alcremie,missing,,
P-A,Promos-A,P-A-088,088,Dragonair,missing,,
P-A,Promos-A,P-A-089,089,Audino,missing,,
P-A,Promos-A,P-A-090,090,Togedemaru,missing,,
P-A,Promos-A,P-A-091,091,Greedent,missing,,
P-A,Promos-A,P-A-092,092,Eevee,missing,,
P-A,Promos-A,P-A-093,093,Cleffa,missing,,
P-A,Promos-A,P-A-094,094,Horsea,missing,,
P-A,Promos-A,P-A-095,095,Chinchou,missing,,
P-A,Promos-A,P-A-096,096,Houndoom,missing,,
P-A,Promos-A,P-A-097,097,Kangaskhan,missing,,
P-A,Promos-A,P-A-098,098,Blissey ex,missing,,
P-A,Promos-A,P-A-099,099,Marill,missing,,
P-A,Promos-A,P-A-100,100,Weavile,missing,,
bog,Best of game,bog-1,1,Electabuzz,missing,,
bog,Best of game,bog-2,2,Hitmonchan,missing,,
bog,Best of game,bog-3,3,Professor Elm,missing,,
bog,Best of game,bog-4,4,Rocket’s Scizor,missing,,
bog,Best of game,bog-5,5,Rocket’s Sneasel,missing,,
bog,Best of game,bog-8,8,Rocket’s Mewtwo,missing,,
bog,Best of game,bog-9,9,Rocket’s Hitmonchan,missing,,
cel25cc,Celebrations Classic Collection,cel25cc-CC001,CC001,Blastoise,missing,,
cel25cc,Celebrations Classic Collection,cel25cc-CC002,CC002,Charizard,missing,,
cel25cc,Celebrations Classic Collection,cel25cc-CC003,CC003,Venusaur,missing,,
cel25cc,Celebrations Classic Collection,cel25cc-CC004,CC004,Imposter Professor Oak,missing,,
cel25cc,Celebrations Classic Collection,cel25cc-CC005,CC005,Dark Gyarados,missing,,
cel25cc,Celebrations Classic Collection,cel25cc-CC006,CC006,Here Comes Team Rocket!,missing,,
cel25cc,Celebrations Classic Collection,cel25cc-CC007,CC007,Rocket's Zapdos,missing,,
cel25cc,Celebrations Classic Collection,cel25cc-CC008,CC008,_____'s Pikachu,missing,,
cel25cc,Celebrations Classic Collection,cel25cc-CC009,CC009,Cleffa,missing,,
cel25cc,Celebrations Classic Collection,cel25cc-CC010,CC010,Shining Magikarp,missing,,
cel25cc,Celebrations Classic Collection,cel25cc-CC011,CC011,Team Magma's Groudon,missing,,
cel25cc,Celebrations Classic Collection,cel25cc-CC012,CC012,Rocket's Admin.,missing,,
cel25cc,Celebrations Classic Collection,cel25cc-CC013,CC013,Mew ex,missing,,
cel25cc,Celebrations Classic Collection,cel25cc-CC014,CC014,Gardevoir ex,missing,,
cel25cc,Celebrations Classic Collection,cel25cc-CC015,CC015,Umbreon ☆,missing,,
cel25cc,Celebrations Classic Collection,cel25cc-CC016,CC016,Claydol,missing,,
cel25cc,Celebrations Classic Collection,cel25cc-CC017,CC017,Luxray GL LV.X,missing,,
cel25cc,Celebrations Classic Collection,cel25cc-CC018,CC018,Garchomp C LV.X,missing,,
cel25cc,Celebrations Classic Collection,cel25cc-CC019,CC019,Donphan,missing,,
cel25cc,Celebrations Classic Collection,cel25cc-CC020,CC020,Reshiram,missing,,
cel25cc,Celebrations Classic Collection,cel25cc-CC021,CC021,Zekrom,missing,,
cel25cc,Celebrations Classic Collection,cel25cc-CC022,CC022,Mewtwo EX,missing,,
cel25cc,Celebrations Classic Collection,cel25cc-CC023,CC023,Xerneas EX,missing,,
cel25cc,Celebrations Classic Collection,cel25cc-CC024,CC024,M Rayquaza EX,missing,,
cel25cc,Celebrations Classic Collection,cel25cc-CC025,CC025,Tapu Lele GX,missing,,
ecard2,Aquapolis,ecard2-50b,50b,Golduck,missing,,
ecard2,Aquapolis,ecard2-50a,50a,Golduck,missing,,
ecard2,Aquapolis,ecard2-74a,74a,Drowzee,missing,,
ecard2,Aquapolis,ecard2-74b,74b,Drowzee,missing,,
ecard2,Aquapolis,ecard2-95a,95a,Mr. Mime,missing,,
ecard2,Aquapolis,ecard2-95b,95b,Mr. Mime,missing,,
ecard2,Aquapolis,ecard2-103a,103a,Porygon,missing,,
ecard2,Aquapolis,ecard2-103b,103b,Porygon,missing,,
ecard2,Aquapolis,ecard2-H01,H01,Ampharos,missing,,
ecard2,Aquapolis,ecard2-H02,H02,Arcanine,missing,,
ecard2,Aquapolis,ecard2-H03,H03,Ariados,missing,,
ecard2,Aquapolis,ecard2-H04,H04,Azumarill,missing,,
ecard2,Aquapolis,ecard2-H05,H05,Bellossom,missing,,
ecard2,Aquapolis,ecard2-H06,H06,Blissey,missing,,
ecard2,Aquapolis,ecard2-H07,H07,Electrode,missing,,
ecard2,Aquapolis,ecard2-H08,H08,Entei,missing,,
ecard2,Aquapolis,ecard2-H09,H09,Espeon,missing,,
ecard3,Skyridge,ecard3-H01,H01,Alakazam,missing,,
ecard3,Skyridge,ecard3-H02,H02,Arcanine,missing,,
ecard3,Skyridge,ecard3-H03,H03,Articuno,missing,,
ecard3,Skyridge,ecard3-H04,H04,Beedrill,missing,,
ecard3,Skyridge,ecard3-H05,H05,Crobat,missing,,
ecard3,Skyridge,ecard3-H06,H06,Dewgong,missing,,
ecard3,Skyridge,ecard3-H07,H07,Flareon,missing,,
ecard3,Skyridge,ecard3-H08,H08,Forretress,missing,,
ecard3,Skyridge,ecard3-H09,H09,Gengar,missing,,
exu,Unseen Forces Unown Collection,exu-!,!,Unown,missing,,
exu,Unseen Forces Unown Collection,exu-%3F,%3F,Unown,missing,,
exu,Unseen Forces Unown Collection,exu-A,A,Unown,missing,,
exu,Unseen Forces Unown Collection,exu-B,B,Unown,missing,,
exu,Unseen Forces Unown Collection,exu-C,C,Unown,missing,,
exu,Unseen Forces Unown Collection,exu-D,D,Unown,missing,,
exu,Unseen Forces Unown Collection,exu-E,E,Unown,missing,,
exu,Unseen Forces Unown Collection,exu-F,F,Unown,missing,,
exu,Unseen Forces Unown Collection,exu-G,G,Unown,missing,,
exu,Unseen Forces Unown Collection,exu-H,H,Unown,missing,,
exu,Unseen Forces Unown Collection,exu-I,I,Unown,missing,,
exu,Unseen Forces Unown Collection,exu-J,J,Unown,missing,,
exu,Unseen Forces Unown Collection,exu-K,K,Unown,missing,,
exu,Unseen Forces Unown Collection,exu-L,L,Unown,missing,,
exu,Unseen Forces Unown Collection,exu-M,M,Unown,missing,,
exu,Unseen Forces Unown Collection,exu-N,N,Unown,missing,,
exu,Unseen Forces Unown Collection,exu-O,O,Unown,missing,,
exu,Unseen Forces Unown Collection,exu-P,P,Unown,missing,,
exu,Unseen Forces Unown Collection,exu-Q,Q,Unown,missing,,
exu,Unseen Forces Unown Collection,exu-R,R,Unown,missing,,
exu,Unseen Forces Unown Collection,exu-S,S,Unown,missing,,
exu,Unseen Forces Unown Collection,exu-T,T,Unown,missing,,
exu,Unseen Forces Unown Collection,exu-U,U,Unown,missing,,
exu,Unseen Forces Unown Collection,exu-V,V,Unown,missing,,
exu,Unseen Forces Unown Collection,exu-W,W,Unown,missing,,
exu,Unseen Forces Unown Collection,exu-X,X,Unown,missing,,
exu,Unseen Forces Unown Collection,exu-Y,Y,Unown,missing,,
exu,Unseen Forces Unown Collection,exu-Z,Z,Unown,missing,,
hgssp,HGSS Black Star Promos,hgssp-HGSS18,HGSS18,Tropical Tidal Wave,missing,,
mee,Mega Evolution Energy,mee-001,001,Grass Energy,missing,,
mee,Mega Evolution Energy,mee-002,002,Fire Energy,missing,,
mee,Mega Evolution Energy,mee-003,003,Water Energy,missing,,
mee,Mega Evolution Energy,mee-004,004,Lightning Energy,missing,,
mee,Mega Evolution Energy,mee-005,005,Psychic Energy,missing,,
mee,Mega Evolution Energy,mee-006,006,Fighting Energy,missing,,
mee,Mega Evolution Energy,mee-007,007,Darkness Energy,missing,,
mee,Mega Evolution Energy,mee-008,008,Metal Energy,missing,,
mep,MEP Black Star Promos,mep-001,001,Meganium,missing,,
mep,MEP Black Star Promos,mep-002,002,Inteleon,missing,,
mep,MEP Black Star Promos,mep-003,003,Alakazam,missing,,
mep,MEP Black Star Promos,mep-004,004,Lunatone,missing,,
mep,MEP Black Star Promos,mep-005,005,Drifloon,missing,,
mep,MEP Black Star Promos,mep-006,006,Drifblim,missing,,
mep,MEP Black Star Promos,mep-007,007,Psyduck,missing,,
mep,MEP Black Star Promos,mep-008,008,Golduck,missing,,
mep,MEP Black Star Promos,mep-009,009,Alakazam,missing,,
mep,MEP Black Star Promos,mep-010,010,Riolu,missing,,
mep,MEP Black Star Promos,mep-011,011,Mega Latias ex,missing,,
mep,MEP Black Star Promos,mep-012,012,Mega Lucario ex,missing,,
mep,MEP Black Star Promos,mep-013,013,Mega Venusaur ex,missing,,
mep,MEP Black Star Promos,mep-014,014,Ceruledge,missing,,
mep,MEP Black Star Promos,mep-015,015,Zacian,missing,,
mep,MEP Black Star Promos,mep-016,016,Flygon,missing,,
mep,MEP Black Star Promos,mep-017,017,Toxtricity,missing,,
mep,MEP Black Star Promos,mep-018,018,Cottonee,missing,,
mep,MEP Black Star Promos,mep-019,019,Whimsicott,missing,,
mep,MEP Black Star Promos,mep-020,020,Sneasel,missing,,
mep,MEP Black Star Promos,mep-021,021,Weavile,missing,,
mep,MEP Black Star Promos,mep-022,022,Charcadet,missing,,
mep,MEP Black Star Promos,mep-023,023,Mega Charizard X ex,missing,,
mep,MEP Black Star Promos,mep-024,024,Oricorio ex,missing,,
mep,MEP Black Star Promos,mep-025,025,Mega Kangaskhan ex,missing,,
mep,MEP Black Star Promos,mep-026,026,Meloetta,missing,,
mep,MEP Black Star Promos,mep-027,027,Haunter,missing,,
mep,MEP Black Star Promos,mep-028,028,Celebratory Fanfare,missing,,
mep,MEP Black Star Promos,mep-029,029,Mega Charizard X ex,missing,,
mep,MEP Black Star Promos,mep-030,030,Mega Charizard Y ex,missing,,
mep,MEP Black Star Promos,mep-031,031,N's Zekrom,missing,,
mep,MEP Black Star Promos,mep-032,032,Mega Gardevoir ex,missing,,
mep,MEP Black Star Promos,mep-033,033,Mega Lucario ex,missing,,
mep,MEP Black Star Promos,mep-034,034,Mega Meganium ex,missing,,
mep,MEP Black Star Promos,mep-035,035,Mega Emboar ex,missing,,
mep,MEP Black Star Promos,mep-036,036,Mega Feraligatr ex,missing,,
mep,MEP Black Star Promos,mep-037,037,Bulbasaur,missing,,
mep,MEP Black Star Promos,mep-038,038,Charmander,missing,,
mep,MEP Black Star Promos,mep-039,039,Squirtle,missing,,
mep,MEP Black Star Promos,mep-040,040,Turtwig,missing,,
mep,MEP Black Star Promos,mep-041,041,Chimchar,missing,,
mep,MEP Black Star Promos,mep-042,042,Piplup,missing,,
mep,MEP Black Star Promos,mep-043,043,Rowlet,missing,,
mep,MEP Black Star Promos,mep-044,044,Litten,missing,,
mep,MEP Black Star Promos,mep-045,045,Popplio,missing,,
mep,MEP Black Star Promos,mep-046,046,Chikorita,missing,,
mep,MEP Black Star Promos,mep-047,047,Cyndaquil,missing,,
mep,MEP Black Star Promos,mep-048,048,Totodile,missing,,
mep,MEP Black Star Promos,mep-049,049,Snivy,missing,,
mep,MEP Black Star Promos,mep-050,050,Tepig,missing,,
mep,MEP Black Star Promos,mep-051,051,Oshawott,missing,,
mep,MEP Black Star Promos,mep-052,052,Grookey,missing,,
mep,MEP Black Star Promos,mep-053,053,Scorbunny,missing,,
mep,MEP Black Star Promos,mep-054,054,Sobble,missing,,
mep,MEP Black Star Promos,mep-055,055,Treecko,missing,,
mep,MEP Black Star Promos,mep-056,056,Torchic,missing,,
mep,MEP Black Star Promos,mep-057,057,Mudkip,missing,,
mep,MEP Black Star Promos,mep-058,058,Chespin,missing,,
mep,MEP Black Star Promos,mep-059,059,Fennekin,missing,,
mep,MEP Black Star Promos,mep-060,060,Froakie,missing,,
mep,MEP Black Star Promos,mep-061,061,Sprigatito,missing,,
mep,MEP Black Star Promos,mep-062,062,Fuecoco,missing,,
mep,MEP Black Star Promos,mep-063,063,Quaxly,missing,,
mep,MEP Black Star Promos,mep-064,064,Serperior,missing,,
mep,MEP Black Star Promos,mep-065,065,Barbaracle,missing,,
mep,MEP Black Star Promos,mep-066,066,Tyrantrum,missing,,
mep,MEP Black Star Promos,mep-067,067,Doublade,missing,,
mep,MEP Black Star Promos,mep-068,068,Makuhita,missing,,
mep,MEP Black Star Promos,mep-069,069,Chikorita,missing,,
mep,MEP Black Star Promos,mep-070,070,Tyrunt,missing,,
mep,MEP Black Star Promos,mep-071,071,Mega Zygarde ex,missing,,
mep,MEP Black Star Promos,mep-072,072,Mega Clefable ex,missing,,
mep,MEP Black Star Promos,mep-073,073,Mega Gengar ex,missing,,
mep,MEP Black Star Promos,mep-074,074,Delphox,missing,,
mep,MEP Black Star Promos,mep-075,075,Ampharos,missing,,
mep,MEP Black Star Promos,mep-076,076,Crobat,missing,,
mep,MEP Black Star Promos,mep-077,077,Goodra,missing,,
mep,MEP Black Star Promos,mep-078,078,Toxel,missing,,
mep,MEP Black Star Promos,mep-079,079,Charmeleon,missing,,
mep,MEP Black Star Promos,mep-080,080,Fennekin,missing,,
mep,MEP Black Star Promos,mep-081,081,Mega Greninja ex,missing,,
mep,MEP Black Star Promos,mep-082,082,Miraidon,missing,,
mep,MEP Black Star Promos,mep-083,083,Slowbro,missing,,
mep,MEP Black Star Promos,mep-084,084,Dhelmise,missing,,
mep,MEP Black Star Promos,mep-085,085,Bastiodon,missing,,
mep,MEP Black Star Promos,mep-086,086,Slowpoke,missing,,
mep,MEP Black Star Promos,mep-087,087,Binacle,missing,,
mep,MEP Black Star Promos,mep-088,088,Zarude,missing,,
mep,MEP Black Star Promos,mep-Museum,Museum,Pikachu at the Museum,missing,,
mfb,My First Battle,mfb-1,1,Bulbasaur,missing,,
mfb,My First Battle,mfb-2,2,Ivysaur,missing,,
mfb,My First Battle,mfb-3,3,Oddish,missing,,
mfb,My First Battle,mfb-4,4,Gloom,missing,,
mfb,My First Battle,mfb-5,5,Exeggcute,missing,,
mfb,My First Battle,mfb-6,6,Exeggutor,missing,,
mfb,My First Battle,mfb-7,7,Scyther,missing,,
mfb,My First Battle,mfb-8,8,Grass Energy,missing,,
mfb,My First Battle,mfb-9,9,Charmander,missing,,
mfb,My First Battle,mfb-10,10,Charmeleon,missing,,
mfb,My First Battle,mfb-11,11,Vulpix,missing,,
mfb,My First Battle,mfb-12,12,Ninetales,missing,,
mfb,My First Battle,mfb-13,13,Growlithe,missing,,
mfb,My First Battle,mfb-14,14,Arcanine,missing,,
mfb,My First Battle,mfb-15,15,Magmar,missing,,
mfb,My First Battle,mfb-16,16,Fire Energy,missing,,
mfb,My First Battle,mfb-17,17,Pikachu,missing,,
mfb,My First Battle,mfb-18,18,Raichu,missing,,
mfb,My First Battle,mfb-19,19,Magnemite,missing,,
mfb,My First Battle,mfb-20,20,Magneton,missing,,
mfb,My First Battle,mfb-21,21,Voltorb,missing,,
mfb,My First Battle,mfb-22,22,Electrode,missing,,
mfb,My First Battle,mfb-23,23,Electabuzz,missing,,
mfb,My First Battle,mfb-24,24,Lightning Energy,missing,,
mfb,My First Battle,mfb-25,25,Squirtle,missing,,
mfb,My First Battle,mfb-26,26,Wartortle,missing,,
mfb,My First Battle,mfb-27,27,Poliwag,missing,,
mfb,My First Battle,mfb-28,28,Poliwhirl,missing,,
mfb,My First Battle,mfb-29,29,Magikarp,missing,,
mfb,My First Battle,mfb-30,30,Gyarados,missing,,
mfb,My First Battle,mfb-31,31,Lapras,missing,,
mfb,My First Battle,mfb-32,32,Water Energy,missing,,
mfb,My First Battle,mfb-33,33,Potion,missing,,
mfb,My First Battle,mfb-34,34,Switch,missing,,
miscp,Miscellaneous Promos,miscp-001,001,Ancient Mew,missing,,
pop6,POP Series 6,pop6-13,13,Cherubi,missing,,
pop6,POP Series 6,pop6-17,17,Turtwig,missing,,
sve,Scarlet & Violet Energy,sve-001,001,Grass Energy,missing,,
sve,Scarlet & Violet Energy,sve-002,002,Fire Energy,missing,,
sve,Scarlet & Violet Energy,sve-003,003,Water Energy,missing,,
sve,Scarlet & Violet Energy,sve-004,004,Lightning Energy,missing,,
sve,Scarlet & Violet Energy,sve-005,005,Psychic Energy,missing,,
sve,Scarlet & Violet Energy,sve-006,006,Fighting Energy,missing,,
sve,Scarlet & Violet Energy,sve-007,007,Darkness Energy,missing,,
sve,Scarlet & Violet Energy,sve-008,008,Metal Energy,missing,,
sve,Scarlet & Violet Energy,sve-009,009,Grass Energy,missing,,
sve,Scarlet & Violet Energy,sve-010,010,Fire Energy,missing,,
sve,Scarlet & Violet Energy,sve-011,011,Water Energy,missing,,
sve,Scarlet & Violet Energy,sve-012,012,Lightning Energy,missing,,
sve,Scarlet & Violet Energy,sve-013,013,Psychic Energy,missing,,
sve,Scarlet & Violet Energy,sve-014,014,Fighting Energy,missing,,
sve,Scarlet & Violet Energy,sve-015,015,Darkness Energy,missing,,
sve,Scarlet & Violet Energy,sve-016,016,Metal Energy,missing,,
sve,Scarlet & Violet Energy,sve-017,017,Grass Energy,missing,,
sve,Scarlet & Violet Energy,sve-018,018,Fire Energy,missing,,
sve,Scarlet & Violet Energy,sve-019,019,Water Energy,missing,,
sve,Scarlet & Violet Energy,sve-020,020,Lightning Energy,missing,,
sve,Scarlet & Violet Energy,sve-021,021,Psychic Energy,missing,,
sve,Scarlet & Violet Energy,sve-022,022,Fighting Energy,missing,,
sve,Scarlet & Violet Energy,sve-023,023,Darkness Energy,missing,,
sve,Scarlet & Violet Energy,sve-024,024,Metal Energy,missing,,
svp,SVP Black Star Promos,svp-102,102,Oddish,missing,,
svp,SVP Black Star Promos,svp-175,175,Espeon ex,missing,,
svp,SVP Black Star Promos,svp-176,176,Umbreon ex,missing,,
svp,SVP Black Star Promos,svp-190,190,Pikachu,missing,,
svp,SVP Black Star Promos,svp-191,191,Sprigatito,missing,,
svp,SVP Black Star Promos,svp-192,192,Fuecoco,missing,,
svp,SVP Black Star Promos,svp-204,204,Cynthia's Garchomp ex,missing,,
svp,SVP Black Star Promos,svp-205,205,Team Rocket's Mewtwo ex,missing,,
svp,SVP Black Star Promos,svp-208,208,Victini,missing,,
svp,SVP Black Star Promos,svp-209,209,Thundurus,missing,,
svp,SVP Black Star Promos,svp-210,210,Tornadus,missing,,
svp,SVP Black Star Promos,svp-211,211,Gothitelle,missing,,
svp,SVP Black Star Promos,svp-212,212,Reuniclus,missing,,
svp,SVP Black Star Promos,svp-213,213,Feraligatr,missing,,
svp,SVP Black Star Promos,svp-214,214,Pikachu,missing,,
svp,SVP Black Star Promos,svp-215,215,Toxtricity ex,missing,,
svp,SVP Black Star Promos,svp-216,216,Team Rocket's Mewtwo ex,missing,,
svp,SVP Black Star Promos,svp-217,217,Team Rocket's Nidoking ex,missing,,
svp,SVP Black Star Promos,svp-218,218,Team Rocket's Persian ex,missing,,
svp,SVP Black Star Promos,svp-219,219,Black Belt's Training,missing,,
svp,SVP Black Star Promos,svp-220,220,Black Belt's Training,missing,,
svp,SVP Black Star Promos,svp-221,221,Professor's Research,missing,,
svp,SVP Black Star Promos,svp-222,222,Professor's Research,missing,,
svp,SVP Black Star Promos,svp-223,223,Professor's Research,missing,,
svp,SVP Black Star Promos,svp-224,224,Paradise Resort,missing,,
svp,SVP Black Star Promos,svp-225,225,Pikachu,missing,,
svp,SVP Black Star Promos,svp-500,500,Terapagos & Friends,missing,,
swshp,SWSH Black Star Promos,swshp-SWSH299,SWSH299,Jirachi V,missing,,
swshp,SWSH Black Star Promos,swshp-SWSH300,SWSH300,Unown V,missing,,
swshp,SWSH Black Star Promos,swshp-SWSH301,SWSH301,Lugia V,missing,,
tk-bw-e,BW trainer Kit (Excadrill),tk-bw-e-1,1,Lillipup,missing,,
tk-bw-e,BW trainer Kit (Excadrill),tk-bw-e-2,2,Fighting Energy,missing,,
tk-bw-e,BW trainer Kit (Excadrill),tk-bw-e-3,3,Fighting Energy,missing,,
tk-bw-e,BW trainer Kit (Excadrill),tk-bw-e-4,4,Energy Switch,missing,,
tk-bw-e,BW trainer Kit (Excadrill),tk-bw-e-5,5,Fighting Energy,missing,,
tk-bw-e,BW trainer Kit (Excadrill),tk-bw-e-6,6,Fighting Energy,missing,,
tk-bw-e,BW trainer Kit (Excadrill),tk-bw-e-7,7,Fighting Energy,missing,,
tk-bw-e,BW trainer Kit (Excadrill),tk-bw-e-8,8,Fighting Energy,missing,,
tk-bw-e,BW trainer Kit (Excadrill),tk-bw-e-9,9,Fighting Energy,missing,,
tk-bw-e,BW trainer Kit (Excadrill),tk-bw-e-10,10,Fighting Energy,missing,,
tk-bw-e,BW trainer Kit (Excadrill),tk-bw-e-11,11,Timburr,missing,,
tk-bw-e,BW trainer Kit (Excadrill),tk-bw-e-12,12,Audino,missing,,
tk-bw-e,BW trainer Kit (Excadrill),tk-bw-e-13,13,Drilbur,missing,,
tk-bw-e,BW trainer Kit (Excadrill),tk-bw-e-14,14,Gurdurr,missing,,
tk-bw-e,BW trainer Kit (Excadrill),tk-bw-e-15,15,Potion,missing,,
tk-bw-e,BW trainer Kit (Excadrill),tk-bw-e-16,16,PlusPower,missing,,
tk-bw-e,BW trainer Kit (Excadrill),tk-bw-e-17,17,Excadrill,missing,,
tk-bw-e,BW trainer Kit (Excadrill),tk-bw-e-18,18,Audino,missing,,
tk-bw-e,BW trainer Kit (Excadrill),tk-bw-e-19,19,Herdier,missing,,
tk-bw-e,BW trainer Kit (Excadrill),tk-bw-e-20,20,Fighting Energy,missing,,
tk-bw-e,BW trainer Kit (Excadrill),tk-bw-e-21,21,Energy Search,missing,,
tk-bw-e,BW trainer Kit (Excadrill),tk-bw-e-22,22,Fighting Energy,missing,,
tk-bw-e,BW trainer Kit (Excadrill),tk-bw-e-23,23,Potion,missing,,
tk-bw-e,BW trainer Kit (Excadrill),tk-bw-e-24,24,Pokémon Communication,missing,,
tk-bw-e,BW trainer Kit (Excadrill),tk-bw-e-25,25,Drilbur,missing,,
tk-bw-e,BW trainer Kit (Excadrill),tk-bw-e-26,26,Fighting Energy,missing,,
tk-bw-e,BW trainer Kit (Excadrill),tk-bw-e-27,27,Lillipup,missing,,
tk-bw-e,BW trainer Kit (Excadrill),tk-bw-e-28,28,Fighting Energy,missing,,
tk-bw-e,BW trainer Kit (Excadrill),tk-bw-e-29,29,Timburr,missing,,
tk-bw-e,BW trainer Kit (Excadrill),tk-bw-e-30,30,Excadrill,missing,,
tk-bw-z,BW trainer Kit (Zoroark),tk-bw-z-1,1,Purrloin,missing,,
tk-bw-z,BW trainer Kit (Zoroark),tk-bw-z-2,2,Watchog,missing,,
tk-bw-z,BW trainer Kit (Zoroark),tk-bw-z-3,3,Darkness Energy,missing,,
tk-bw-z,BW trainer Kit (Zoroark),tk-bw-z-4,4,Minccino,missing,,
tk-bw-z,BW trainer Kit (Zoroark),tk-bw-z-5,5,Darkness Energy,missing,,
tk-bw-z,BW trainer Kit (Zoroark),tk-bw-z-6,6,Darkness Energy,missing,,
tk-bw-z,BW trainer Kit (Zoroark),tk-bw-z-7,7,Darkness Energy,missing,,
tk-bw-z,BW trainer Kit (Zoroark),tk-bw-z-8,8,Darkness Energy,missing,,
tk-bw-z,BW trainer Kit (Zoroark),tk-bw-z-9,9,Darkness Energy,missing,,
tk-bw-z,BW trainer Kit (Zoroark),tk-bw-z-10,10,Darkness Energy,missing,,
tk-bw-z,BW trainer Kit (Zoroark),tk-bw-z-11,11,PlusPower,missing,,
tk-bw-z,BW trainer Kit (Zoroark),tk-bw-z-12,12,Patrat,missing,,
tk-bw-z,BW trainer Kit (Zoroark),tk-bw-z-13,13,Zorua,missing,,
tk-bw-z,BW trainer Kit (Zoroark),tk-bw-z-14,14,Pidove,missing,,
tk-bw-z,BW trainer Kit (Zoroark),tk-bw-z-15,15,Tranquill,missing,,
tk-bw-z,BW trainer Kit (Zoroark),tk-bw-z-16,16,Energy Retrieval,missing,,
tk-bw-z,BW trainer Kit (Zoroark),tk-bw-z-17,17,Zoroark,missing,,
tk-bw-z,BW trainer Kit (Zoroark),tk-bw-z-18,18,Pokémon Communication,missing,,
tk-bw-z,BW trainer Kit (Zoroark),tk-bw-z-19,19,Minccino,missing,,
tk-bw-z,BW trainer Kit (Zoroark),tk-bw-z-20,20,Darkness Energy,missing,,
tk-bw-z,BW trainer Kit (Zoroark),tk-bw-z-21,21,Pidove,missing,,
tk-bw-z,BW trainer Kit (Zoroark),tk-bw-z-22,22,Darkness Energy,missing,,
tk-bw-z,BW trainer Kit (Zoroark),tk-bw-z-23,23,Zorua,missing,,
tk-bw-z,BW trainer Kit (Zoroark),tk-bw-z-24,24,Darkness Energy,missing,,
tk-bw-z,BW trainer Kit (Zoroark),tk-bw-z-25,25,Purrloin,missing,,
tk-bw-z,BW trainer Kit (Zoroark),tk-bw-z-26,26,Darkness Energy,missing,,
tk-bw-z,BW trainer Kit (Zoroark),tk-bw-z-27,27,Energy Search,missing,,
tk-bw-z,BW trainer Kit (Zoroark),tk-bw-z-28,28,Darkness Energy,missing,,
tk-bw-z,BW trainer Kit (Zoroark),tk-bw-z-29,29,Patrat,missing,,
tk-bw-z,BW trainer Kit (Zoroark),tk-bw-z-30,30,Zoroark,missing,,
tk-dp-l,DP trainer Kit (Lucario),tk-dp-l-1,1,Geodude,missing,,
tk-dp-l,DP trainer Kit (Lucario),tk-dp-l-2,2,Graveler,missing,,
tk-dp-l,DP trainer Kit (Lucario),tk-dp-l-3,3,Lucario,missing,,
tk-dp-l,DP trainer Kit (Lucario),tk-dp-l-4,4,Machoke,missing,,
tk-dp-l,DP trainer Kit (Lucario),tk-dp-l-5,5,Machop,missing,,
tk-dp-l,DP trainer Kit (Lucario),tk-dp-l-6,6,Riolu,missing,,
tk-dp-l,DP trainer Kit (Lucario),tk-dp-l-7,7,Starly,missing,,
tk-dp-l,DP trainer Kit (Lucario),tk-dp-l-8,8,Energy Search,missing,,
tk-dp-l,DP trainer Kit (Lucario),tk-dp-l-9,9,Potion,missing,,
tk-dp-l,DP trainer Kit (Lucario),tk-dp-l-10,10,Quick Ball,missing,,
tk-dp-l,DP trainer Kit (Lucario),tk-dp-l-11,11,Fighting Energy,missing,,
tk-dp-m,DP trainer Kit (Manaphy),tk-dp-m-1,1,Buizel,missing,,
tk-dp-m,DP trainer Kit (Manaphy),tk-dp-m-2,2,Floatzel,missing,,
tk-dp-m,DP trainer Kit (Manaphy),tk-dp-m-3,3,Goldeen,missing,,
tk-dp-m,DP trainer Kit (Manaphy),tk-dp-m-4,4,Manaphy,missing,,
tk-dp-m,DP trainer Kit (Manaphy),tk-dp-m-5,5,Piplup,missing,,
tk-dp-m,DP trainer Kit (Manaphy),tk-dp-m-6,6,Prinplup,missing,,
tk-dp-m,DP trainer Kit (Manaphy),tk-dp-m-7,7,Seaking,missing,,
tk-dp-m,DP trainer Kit (Manaphy),tk-dp-m-8,8,Totodile,missing,,
tk-dp-m,DP trainer Kit (Manaphy),tk-dp-m-9,9,Dusk Ball,missing,,
tk-dp-m,DP trainer Kit (Manaphy),tk-dp-m-10,10,Energy Search,missing,,
tk-dp-m,DP trainer Kit (Manaphy),tk-dp-m-11,11,Potion,missing,,
tk-dp-m,DP trainer Kit (Manaphy),tk-dp-m-12,12,Water Energy,missing,,
tk-ex-latia,EX trainer Kit (Latias),tk-ex-latia-1,1,Bagon,missing,,
tk-ex-latia,EX trainer Kit (Latias),tk-ex-latia-2,2,Combusken,missing,,
tk-ex-latia,EX trainer Kit (Latias),tk-ex-latia-3,3,Delcatty,missing,,
tk-ex-latia,EX trainer Kit (Latias),tk-ex-latia-6,6,Skitty,missing,,
tk-ex-latia,EX trainer Kit (Latias),tk-ex-latia-7,7,Torchic,missing,,
tk-ex-latia,EX trainer Kit (Latias),tk-ex-latia-8,8,Potion,missing,,
tk-ex-latio,EX trainer Kit (Latios),tk-ex-latio-2,2,Latios,missing,,
tk-ex-latio,EX trainer Kit (Latios),tk-ex-latio-3,3,Linoone,missing,,
tk-ex-latio,EX trainer Kit (Latios),tk-ex-latio-5,5,Magneton,missing,,
tk-ex-latio,EX trainer Kit (Latios),tk-ex-latio-7,7,Zigzagoon,missing,,
tk-ex-latio,EX trainer Kit (Latios),tk-ex-latio-8,8,Potion,missing,,
tk-ex-latio,EX trainer Kit (Latios),tk-ex-latio-10,10,Lightning Energy,missing,,
tk-ex-m,EX trainer Kit 2 (Minun),tk-ex-m-3,3,Charmeleon,missing,,
tk-ex-m,EX trainer Kit 2 (Minun),tk-ex-m-4,4,Growlithe,missing,,
tk-ex-m,EX trainer Kit 2 (Minun),tk-ex-m-8,8,Celio's Network,missing,,
tk-ex-m,EX trainer Kit 2 (Minun),tk-ex-m-9,9,Energy Search,missing,,
tk-ex-m,EX trainer Kit 2 (Minun),tk-ex-m-12,12,Lightning Energy,missing,,
tk-ex-p,EX trainer Kit 2 (Plusle),tk-ex-p-1,1,Beldum,missing,,
tk-ex-p,EX trainer Kit 2 (Plusle),tk-ex-p-2,2,Electrike,missing,,
tk-ex-p,EX trainer Kit 2 (Plusle),tk-ex-p-3,3,Grumpig,missing,,
tk-ex-p,EX trainer Kit 2 (Plusle),tk-ex-p-4,4,Meowth,missing,,
tk-ex-p,EX trainer Kit 2 (Plusle),tk-ex-p-6,6,Plusle,missing,,
tk-ex-p,EX trainer Kit 2 (Plusle),tk-ex-p-7,7,Spoink,missing,,
tk-ex-p,EX trainer Kit 2 (Plusle),tk-ex-p-9,9,Potion,missing,,
tk-ex-p,EX trainer Kit 2 (Plusle),tk-ex-p-10,10,Professor Cozmo's Discovery,missing,,
tk-ex-p,EX trainer Kit 2 (Plusle),tk-ex-p-12,12,Psychic Energy,missing,,
tk-hs-g,HS trainer Kit (Gyarados),tk-hs-g-1,1,Totodile,missing,,
tk-hs-g,HS trainer Kit (Gyarados),tk-hs-g-2,2,Water Energy,missing,,
tk-hs-g,HS trainer Kit (Gyarados),tk-hs-g-3,3,Water Energy,missing,,
tk-hs-g,HS trainer Kit (Gyarados),tk-hs-g-4,4,Water Energy,missing,,
tk-hs-g,HS trainer Kit (Gyarados),tk-hs-g-5,5,Bill,missing,,
tk-hs-g,HS trainer Kit (Gyarados),tk-hs-g-6,6,Water Energy,missing,,
tk-hs-g,HS trainer Kit (Gyarados),tk-hs-g-7,7,Water Energy,missing,,
tk-hs-g,HS trainer Kit (Gyarados),tk-hs-g-8,8,Water Energy,missing,,
tk-hs-g,HS trainer Kit (Gyarados),tk-hs-g-9,9,Water Energy,missing,,
tk-hs-g,HS trainer Kit (Gyarados),tk-hs-g-10,10,Water Energy,missing,,
tk-hs-g,HS trainer Kit (Gyarados),tk-hs-g-11,11,Water Energy,missing,,
tk-hs-g,HS trainer Kit (Gyarados),tk-hs-g-12,12,Magikarp,missing,,
tk-hs-g,HS trainer Kit (Gyarados),tk-hs-g-13,13,Croconaw,missing,,
tk-hs-g,HS trainer Kit (Gyarados),tk-hs-g-14,14,Totodile,missing,,
tk-hs-g,HS trainer Kit (Gyarados),tk-hs-g-15,15,Marill,missing,,
tk-hs-g,HS trainer Kit (Gyarados),tk-hs-g-16,16,Water Energy,missing,,
tk-hs-g,HS trainer Kit (Gyarados),tk-hs-g-17,17,Croconaw,missing,,
tk-hs-g,HS trainer Kit (Gyarados),tk-hs-g-18,18,Bill,missing,,
tk-hs-g,HS trainer Kit (Gyarados),tk-hs-g-19,19,Magikarp,missing,,
tk-hs-g,HS trainer Kit (Gyarados),tk-hs-g-20,20,Gyarados,missing,,
tk-hs-g,HS trainer Kit (Gyarados),tk-hs-g-21,21,Energy Switch,missing,,
tk-hs-g,HS trainer Kit (Gyarados),tk-hs-g-22,22,Pokémon Communication,missing,,
tk-hs-g,HS trainer Kit (Gyarados),tk-hs-g-23,23,Poké Ball,missing,,
tk-hs-g,HS trainer Kit (Gyarados),tk-hs-g-24,24,Marill,missing,,
tk-hs-g,HS trainer Kit (Gyarados),tk-hs-g-25,25,Professor Elm's Training Method,missing,,
tk-hs-g,HS trainer Kit (Gyarados),tk-hs-g-26,26,Water Energy,missing,,
tk-hs-g,HS trainer Kit (Gyarados),tk-hs-g-27,27,Pokémon Communication,missing,,
tk-hs-g,HS trainer Kit (Gyarados),tk-hs-g-28,28,Switch,missing,,
tk-hs-g,HS trainer Kit (Gyarados),tk-hs-g-29,29,Water Energy,missing,,
tk-hs-g,HS trainer Kit (Gyarados),tk-hs-g-30,30,Gyarados,missing,,
tk-hs-r,HS trainer Kit (Raichu),tk-hs-r-1,1,Moomoo Milk,missing,,
tk-hs-r,HS trainer Kit (Raichu),tk-hs-r-2,2,Pikachu,missing,,
tk-hs-r,HS trainer Kit (Raichu),tk-hs-r-3,3,Flaaffy,missing,,
tk-hs-r,HS trainer Kit (Raichu),tk-hs-r-4,4,Meowth,missing,,
tk-hs-r,HS trainer Kit (Raichu),tk-hs-r-5,5,Lightning Energy,missing,,
tk-hs-r,HS trainer Kit (Raichu),tk-hs-r-6,6,Lightning Energy,missing,,
tk-hs-r,HS trainer Kit (Raichu),tk-hs-r-7,7,Lightning Energy,missing,,
tk-hs-r,HS trainer Kit (Raichu),tk-hs-r-8,8,Lightning Energy,missing,,
tk-hs-r,HS trainer Kit (Raichu),tk-hs-r-9,9,Lightning Energy,missing,,
tk-hs-r,HS trainer Kit (Raichu),tk-hs-r-10,10,Lightning Energy,missing,,
tk-hs-r,HS trainer Kit (Raichu),tk-hs-r-11,11,Lightning Energy,missing,,
tk-hs-r,HS trainer Kit (Raichu),tk-hs-r-12,12,Meowth,missing,,
tk-hs-r,HS trainer Kit (Raichu),tk-hs-r-13,13,Mareep,missing,,
tk-hs-r,HS trainer Kit (Raichu),tk-hs-r-14,14,Lightning Energy,missing,,
tk-hs-r,HS trainer Kit (Raichu),tk-hs-r-15,15,Lightning Energy,missing,,
tk-hs-r,HS trainer Kit (Raichu),tk-hs-r-16,16,Pikachu,missing,,
tk-hs-r,HS trainer Kit (Raichu),tk-hs-r-17,17,Flaaffy,missing,,
tk-hs-r,HS trainer Kit (Raichu),tk-hs-r-18,18,Lightning Energy,missing,,
tk-hs-r,HS trainer Kit (Raichu),tk-hs-r-19,19,Raichu,missing,,
tk-hs-r,HS trainer Kit (Raichu),tk-hs-r-20,20,Mareep,missing,,
tk-hs-r,HS trainer Kit (Raichu),tk-hs-r-21,21,Copycat,missing,,
tk-hs-r,HS trainer Kit (Raichu),tk-hs-r-22,22,Pokémon Collector,missing,,
tk-hs-r,HS trainer Kit (Raichu),tk-hs-r-23,23,Lightning Energy,missing,,
tk-hs-r,HS trainer Kit (Raichu),tk-hs-r-24,24,Switch,missing,,
tk-hs-r,HS trainer Kit (Raichu),tk-hs-r-25,25,Poké Ball,missing,,
tk-hs-r,HS trainer Kit (Raichu),tk-hs-r-26,26,Moomoo Milk,missing,,
tk-hs-r,HS trainer Kit (Raichu),tk-hs-r-27,27,Pokémon Collector,missing,,
tk-hs-r,HS trainer Kit (Raichu),tk-hs-r-28,28,Lightning Energy,missing,,
tk-hs-r,HS trainer Kit (Raichu),tk-hs-r-29,29,Energy Switch,missing,,
tk-hs-r,HS trainer Kit (Raichu),tk-hs-r-30,30,Raichu,missing,,
tk-sm-l,SM trainer Kit (Lycanroc),tk-sm-l-1,1,Caterpie,missing,,
tk-sm-l,SM trainer Kit (Lycanroc),tk-sm-l-4,4,Trumbeak,missing,,
tk-sm-l,SM trainer Kit (Lycanroc),tk-sm-l-5,5,Fighting Energy,missing,,
tk-sm-l,SM trainer Kit (Lycanroc),tk-sm-l-11,11,Fletchling,missing,,
tk-sm-l,SM trainer Kit (Lycanroc),tk-sm-l-12,12,Yungoos,missing,,
tk-sm-l,SM trainer Kit (Lycanroc),tk-sm-l-13,13,Fletchinder,missing,,
tk-sm-l,SM trainer Kit (Lycanroc),tk-sm-l-14,14,Rockruff,missing,,
tk-sm-l,SM trainer Kit (Lycanroc),tk-sm-l-15,15,Pikipek,missing,,
tk-sm-l,SM trainer Kit (Lycanroc),tk-sm-l-16,16,Lycanroc,missing,,
tk-sm-l,SM trainer Kit (Lycanroc),tk-sm-l-18,18,Makuhita,missing,,
tk-sm-l,SM trainer Kit (Lycanroc),tk-sm-l-19,19,Hau,missing,,
tk-sm-l,SM trainer Kit (Lycanroc),tk-sm-l-21,21,Great Ball,missing,,
tk-sm-l,SM trainer Kit (Lycanroc),tk-sm-l-22,22,Toucannon,missing,,
tk-sm-l,SM trainer Kit (Lycanroc),tk-sm-l-23,23,Hau,missing,,
tk-sm-l,SM trainer Kit (Lycanroc),tk-sm-l-25,25,Great Ball,missing,,
tk-sm-l,SM trainer Kit (Lycanroc),tk-sm-l-27,27,Big Malasada,missing,,
tk-sm-l,SM trainer Kit (Lycanroc),tk-sm-l-29,29,Rockruff,missing,,
tk-sm-l,SM trainer Kit (Lycanroc),tk-sm-l-30,30,Lycanroc,missing,,
tk-sm-r,SM trainer Kit (Alolan Raichu),tk-sm-r-1,1,Lightning Energy,missing,,
tk-sm-r,SM trainer Kit (Alolan Raichu),tk-sm-r-2,2,Lightning Energy,missing,,
tk-sm-r,SM trainer Kit (Alolan Raichu),tk-sm-r-3,3,Lightning Energy,missing,,
tk-sm-r,SM trainer Kit (Alolan Raichu),tk-sm-r-4,4,Stufful,missing,,
tk-sm-r,SM trainer Kit (Alolan Raichu),tk-sm-r-5,5,Lightning Energy,missing,,
tk-sm-r,SM trainer Kit (Alolan Raichu),tk-sm-r-6,6,Golbat,missing,,
tk-sm-r,SM trainer Kit (Alolan Raichu),tk-sm-r-7,7,Lightning Energy,missing,,
tk-sm-r,SM trainer Kit (Alolan Raichu),tk-sm-r-8,8,Lightning Energy,missing,,
tk-sm-r,SM trainer Kit (Alolan Raichu),tk-sm-r-9,9,Lightning Energy,missing,,
tk-sm-r,SM trainer Kit (Alolan Raichu),tk-sm-r-10,10,Lightning Energy,missing,,
tk-sm-r,SM trainer Kit (Alolan Raichu),tk-sm-r-11,11,Zubat,missing,,
tk-sm-r,SM trainer Kit (Alolan Raichu),tk-sm-r-12,12,Lightning Energy,missing,,
tk-sm-r,SM trainer Kit (Alolan Raichu),tk-sm-r-13,13,Spearow,missing,,
tk-sm-r,SM trainer Kit (Alolan Raichu),tk-sm-r-14,14,Pikachu,missing,,
tk-sm-r,SM trainer Kit (Alolan Raichu),tk-sm-r-15,15,Potion,missing,,
tk-sm-r,SM trainer Kit (Alolan Raichu),tk-sm-r-16,16,Grubbin,missing,,
tk-sm-r,SM trainer Kit (Alolan Raichu),tk-sm-r-17,17,Alolan Raichu,missing,,
tk-sm-r,SM trainer Kit (Alolan Raichu),tk-sm-r-18,18,Bewear,missing,,
tk-sm-r,SM trainer Kit (Alolan Raichu),tk-sm-r-19,19,Hau,missing,,
tk-sm-r,SM trainer Kit (Alolan Raichu),tk-sm-r-20,20,Psychic Energy,missing,,
tk-sm-r,SM trainer Kit (Alolan Raichu),tk-sm-r-21,21,Great Ball,missing,,
tk-sm-r,SM trainer Kit (Alolan Raichu),tk-sm-r-22,22,Drowzee,missing,,
tk-sm-r,SM trainer Kit (Alolan Raichu),tk-sm-r-23,23,Hau,missing,,
tk-sm-r,SM trainer Kit (Alolan Raichu),tk-sm-r-24,24,Psychic Energy,missing,,
tk-sm-r,SM trainer Kit (Alolan Raichu),tk-sm-r-25,25,Great Ball,missing,,
tk-sm-r,SM trainer Kit (Alolan Raichu),tk-sm-r-26,26,Togedemaru,missing,,
tk-sm-r,SM trainer Kit (Alolan Raichu),tk-sm-r-27,27,Psychic Energy,missing,,
tk-sm-r,SM trainer Kit (Alolan Raichu),tk-sm-r-28,28,Psychic Energy,missing,,
tk-sm-r,SM trainer Kit (Alolan Raichu),tk-sm-r-29,29,Pikachu,missing,,
tk-sm-r,SM trainer Kit (Alolan Raichu),tk-sm-r-30,30,Alolan Raichu,missing,,
tk-xy-b,XY trainer Kit (Bisharp),tk-xy-b-1,1,Fletchling,missing,,
tk-xy-b,XY trainer Kit (Bisharp),tk-xy-b-2,2,Metal Energy,missing,,
tk-xy-b,XY trainer Kit (Bisharp),tk-xy-b-3,3,Metal Energy,missing,,
tk-xy-b,XY trainer Kit (Bisharp),tk-xy-b-4,4,Vigoroth,missing,,
tk-xy-b,XY trainer Kit (Bisharp),tk-xy-b-5,5,Metal Energy,missing,,
tk-xy-b,XY trainer Kit (Bisharp),tk-xy-b-6,6,Metal Energy,missing,,
tk-xy-b,XY trainer Kit (Bisharp),tk-xy-b-7,7,Metal Energy,missing,,
tk-xy-b,XY trainer Kit (Bisharp),tk-xy-b-8,8,Metal Energy,missing,,
tk-xy-b,XY trainer Kit (Bisharp),tk-xy-b-9,9,Metal Energy,missing,,
tk-xy-b,XY trainer Kit (Bisharp),tk-xy-b-10,10,Metal Energy,missing,,
tk-xy-b,XY trainer Kit (Bisharp),tk-xy-b-11,11,Honedge,missing,,
tk-xy-b,XY trainer Kit (Bisharp),tk-xy-b-12,12,Bidoof,missing,,
tk-xy-b,XY trainer Kit (Bisharp),tk-xy-b-13,13,Pawniard,missing,,
tk-xy-b,XY trainer Kit (Bisharp),tk-xy-b-14,14,Doublade,missing,,
tk-xy-b,XY trainer Kit (Bisharp),tk-xy-b-15,15,Slakoth,missing,,
tk-xy-b,XY trainer Kit (Bisharp),tk-xy-b-16,16,Bisharp,missing,,
tk-xy-b,XY trainer Kit (Bisharp),tk-xy-b-17,17,Patrat,missing,,
tk-xy-b,XY trainer Kit (Bisharp),tk-xy-b-18,18,Metal Energy,missing,,
tk-xy-b,XY trainer Kit (Bisharp),tk-xy-b-19,19,Tierno,missing,,
tk-xy-b,XY trainer Kit (Bisharp),tk-xy-b-20,20,Trevor,missing,,
tk-xy-b,XY trainer Kit (Bisharp),tk-xy-b-21,21,Pawniard,missing,,
tk-xy-b,XY trainer Kit (Bisharp),tk-xy-b-22,22,Metal Energy,missing,,
tk-xy-b,XY trainer Kit (Bisharp),tk-xy-b-23,23,Doublade,missing,,
tk-xy-b,XY trainer Kit (Bisharp),tk-xy-b-24,24,Metal Energy,missing,,
tk-xy-b,XY trainer Kit (Bisharp),tk-xy-b-25,25,Potion,missing,,
tk-xy-b,XY trainer Kit (Bisharp),tk-xy-b-26,26,Slakoth,missing,,
tk-xy-b,XY trainer Kit (Bisharp),tk-xy-b-27,27,Honedge,missing,,
tk-xy-b,XY trainer Kit (Bisharp),tk-xy-b-28,28,Vigoroth,missing,,
tk-xy-b,XY trainer Kit (Bisharp),tk-xy-b-29,29,Potion,missing,,
tk-xy-b,XY trainer Kit (Bisharp),tk-xy-b-30,30,Bisharp,missing,,
tk-xy-latia,XY trainer Kit (Latias),tk-xy-latia-1,1,Grass Energy,missing,,
tk-xy-latia,XY trainer Kit (Latias),tk-xy-latia-2,2,Grass Energy,missing,,
tk-xy-latia,XY trainer Kit (Latias),tk-xy-latia-3,3,Grass Energy,missing,,
tk-xy-latia,XY trainer Kit (Latias),tk-xy-latia-4,4,Fletchling,missing,,
tk-xy-latia,XY trainer Kit (Latias),tk-xy-latia-5,5,Grass Energy,missing,,
tk-xy-latia,XY trainer Kit (Latias),tk-xy-latia-6,6,Lombre,missing,,
tk-xy-latia,XY trainer Kit (Latias),tk-xy-latia-7,7,Treecko,missing,,
tk-xy-latia,XY trainer Kit (Latias),tk-xy-latia-8,8,Psychic Energy,missing,,
tk-xy-latia,XY trainer Kit (Latias),tk-xy-latia-9,9,Psychic Energy,missing,,
tk-xy-latia,XY trainer Kit (Latias),tk-xy-latia-10,10,Psychic Energy,missing,,
tk-xy-latia,XY trainer Kit (Latias),tk-xy-latia-11,11,Lotad,missing,,
tk-xy-latia,XY trainer Kit (Latias),tk-xy-latia-12,12,Tangrowth,missing,,
tk-xy-latia,XY trainer Kit (Latias),tk-xy-latia-13,13,Tangela,missing,,
tk-xy-latia,XY trainer Kit (Latias),tk-xy-latia-14,14,Latias,missing,,
tk-xy-latia,XY trainer Kit (Latias),tk-xy-latia-15,15,Potion,missing,,
tk-xy-latia,XY trainer Kit (Latias),tk-xy-latia-16,16,Surskit,missing,,
tk-xy-latia,XY trainer Kit (Latias),tk-xy-latia-17,17,Psychic Energy,missing,,
tk-xy-latia,XY trainer Kit (Latias),tk-xy-latia-18,18,Grovyle,missing,,
tk-xy-latia,XY trainer Kit (Latias),tk-xy-latia-19,19,Grass Energy,missing,,
tk-xy-latia,XY trainer Kit (Latias),tk-xy-latia-20,20,Acro Bike,missing,,
tk-xy-latia,XY trainer Kit (Latias),tk-xy-latia-21,21,Lombre,missing,,
tk-xy-latia,XY trainer Kit (Latias),tk-xy-latia-22,22,Psychic Energy,missing,,
tk-xy-latia,XY trainer Kit (Latias),tk-xy-latia-23,23,Lotad,missing,,
tk-xy-latia,XY trainer Kit (Latias),tk-xy-latia-24,24,Treecko,missing,,
tk-xy-latia,XY trainer Kit (Latias),tk-xy-latia-25,25,Tangrowth,missing,,
tk-xy-latia,XY trainer Kit (Latias),tk-xy-latia-26,26,Tangela,missing,,
tk-xy-latia,XY trainer Kit (Latias),tk-xy-latia-27,27,Grovyle,missing,,
tk-xy-latia,XY trainer Kit (Latias),tk-xy-latia-28,28,Psychic Energy,missing,,
tk-xy-latia,XY trainer Kit (Latias),tk-xy-latia-29,29,Acro Bike,missing,,
tk-xy-latia,XY trainer Kit (Latias),tk-xy-latia-30,30,Latias,missing,,
tk-xy-latio,XY trainer Kit (Latios),tk-xy-latio-1,1,Skitty,missing,,
tk-xy-latio,XY trainer Kit (Latios),tk-xy-latio-2,2,Fighting Energy,missing,,
tk-xy-latio,XY trainer Kit (Latios),tk-xy-latio-3,3,Fighting Energy,missing,,
tk-xy-latio,XY trainer Kit (Latios),tk-xy-latio-4,4,Rhydon,missing,,
tk-xy-latio,XY trainer Kit (Latios),tk-xy-latio-5,5,Fighting Energy,missing,,
tk-xy-latio,XY trainer Kit (Latios),tk-xy-latio-6,6,Fighting Energy,missing,,
tk-xy-latio,XY trainer Kit (Latios),tk-xy-latio-7,7,Fighting Energy,missing,,
tk-xy-latio,XY trainer Kit (Latios),tk-xy-latio-8,8,Fighting Energy,missing,,
tk-xy-latio,XY trainer Kit (Latios),tk-xy-latio-9,9,Fighting Energy,missing,,
tk-xy-latio,XY trainer Kit (Latios),tk-xy-latio-10,10,Fighting Energy,missing,,
tk-xy-latio,XY trainer Kit (Latios),tk-xy-latio-11,11,Machop,missing,,
tk-xy-latio,XY trainer Kit (Latios),tk-xy-latio-12,12,Solrock,missing,,
tk-xy-latio,XY trainer Kit (Latios),tk-xy-latio-13,13,Latios,missing,,
tk-xy-latio,XY trainer Kit (Latios),tk-xy-latio-14,14,Machoke,missing,,
tk-xy-latio,XY trainer Kit (Latios),tk-xy-latio-15,15,Rhyhorn,missing,,
tk-xy-latio,XY trainer Kit (Latios),tk-xy-latio-16,16,Psychic Energy,missing,,
tk-xy-latio,XY trainer Kit (Latios),tk-xy-latio-17,17,Fighting Energy,missing,,
tk-xy-latio,XY trainer Kit (Latios),tk-xy-latio-18,18,Psychic Energy,missing,,
tk-xy-latio,XY trainer Kit (Latios),tk-xy-latio-19,19,Delcatty,missing,,
tk-xy-latio,XY trainer Kit (Latios),tk-xy-latio-20,20,Acro Bike,missing,,
tk-xy-latio,XY trainer Kit (Latios),tk-xy-latio-21,21,Potion,missing,,
tk-xy-latio,XY trainer Kit (Latios),tk-xy-latio-22,22,Machoke,missing,,
tk-xy-latio,XY trainer Kit (Latios),tk-xy-latio-23,23,Rhyhorn,missing,,
tk-xy-latio,XY trainer Kit (Latios),tk-xy-latio-24,24,Delcatty,missing,,
tk-xy-latio,XY trainer Kit (Latios),tk-xy-latio-25,25,Rhydon,missing,,
tk-xy-latio,XY trainer Kit (Latios),tk-xy-latio-26,26,Solrock,missing,,
tk-xy-latio,XY trainer Kit (Latios),tk-xy-latio-27,27,Skitty,missing,,
tk-xy-latio,XY trainer Kit (Latios),tk-xy-latio-28,28,Machop,missing,,
tk-xy-latio,XY trainer Kit (Latios),tk-xy-latio-29,29,Psychic Energy,missing,,
tk-xy-latio,XY trainer Kit (Latios),tk-xy-latio-30,30,Latios,missing,,
tk-xy-n,XY trainer Kit (Noivern),tk-xy-n-1,1,Spoink,missing,,
tk-xy-n,XY trainer Kit (Noivern),tk-xy-n-2,2,Gourgeist,missing,,
tk-xy-n,XY trainer Kit (Noivern),tk-xy-n-3,3,Arbok,missing,,
tk-xy-n,XY trainer Kit (Noivern),tk-xy-n-4,4,Bunnelby,missing,,
tk-xy-n,XY trainer Kit (Noivern),tk-xy-n-5,5,Psychic Energy,missing,,
tk-xy-n,XY trainer Kit (Noivern),tk-xy-n-6,6,Psychic Energy,missing,,
tk-xy-n,XY trainer Kit (Noivern),tk-xy-n-7,7,Psychic Energy,missing,,
tk-xy-n,XY trainer Kit (Noivern),tk-xy-n-8,8,Psychic Energy,missing,,
tk-xy-n,XY trainer Kit (Noivern),tk-xy-n-9,9,Psychic Energy,missing,,
tk-xy-n,XY trainer Kit (Noivern),tk-xy-n-10,10,Psychic Energy,missing,,
tk-xy-n,XY trainer Kit (Noivern),tk-xy-n-11,11,Pumpkaboo,missing,,
tk-xy-n,XY trainer Kit (Noivern),tk-xy-n-12,12,Noibat,missing,,
tk-xy-n,XY trainer Kit (Noivern),tk-xy-n-13,13,Noivern,missing,,
tk-xy-n,XY trainer Kit (Noivern),tk-xy-n-14,14,Pokémon Catcher,missing,,
tk-xy-n,XY trainer Kit (Noivern),tk-xy-n-15,15,Potion,missing,,
tk-xy-n,XY trainer Kit (Noivern),tk-xy-n-16,16,Ekans,missing,,
tk-xy-n,XY trainer Kit (Noivern),tk-xy-n-17,17,Psychic Energy,missing,,
tk-xy-n,XY trainer Kit (Noivern),tk-xy-n-18,18,Pumpkaboo,missing,,
tk-xy-n,XY trainer Kit (Noivern),tk-xy-n-19,19,Darkness Energy,missing,,
tk-xy-n,XY trainer Kit (Noivern),tk-xy-n-20,20,Furfrou,missing,,
tk-xy-n,XY trainer Kit (Noivern),tk-xy-n-21,21,Poké Ball,missing,,
tk-xy-n,XY trainer Kit (Noivern),tk-xy-n-22,22,Darkness Energy,missing,,
tk-xy-n,XY trainer Kit (Noivern),tk-xy-n-23,23,Noibat,missing,,
tk-xy-n,XY trainer Kit (Noivern),tk-xy-n-24,24,Professor’s Letter,missing,,
tk-xy-n,XY trainer Kit (Noivern),tk-xy-n-25,25,Psychic Energy,missing,,
tk-xy-n,XY trainer Kit (Noivern),tk-xy-n-26,26,Darkness Energy,missing,,
tk-xy-n,XY trainer Kit (Noivern),tk-xy-n-27,27,Potion,missing,,
tk-xy-n,XY trainer Kit (Noivern),tk-xy-n-28,28,Darkness Energy,missing,,
tk-xy-n,XY trainer Kit (Noivern),tk-xy-n-29,29,Switch,missing,,
tk-xy-n,XY trainer Kit (Noivern),tk-xy-n-30,30,Noivern,missing,,
tk-xy-p,XY trainer Kit (Pikachu Libre),tk-xy-p-1,1,Glameow,missing,,
tk-xy-p,XY trainer Kit (Pikachu Libre),tk-xy-p-2,2,Lightning Energy,missing,,
tk-xy-p,XY trainer Kit (Pikachu Libre),tk-xy-p-3,3,Lightning Energy,missing,,
tk-xy-p,XY trainer Kit (Pikachu Libre),tk-xy-p-4,4,Electivire,missing,,
tk-xy-p,XY trainer Kit (Pikachu Libre),tk-xy-p-5,5,Lightning Energy,missing,,
tk-xy-p,XY trainer Kit (Pikachu Libre),tk-xy-p-6,6,Lightning Energy,missing,,
tk-xy-p,XY trainer Kit (Pikachu Libre),tk-xy-p-7,7,Taillow,missing,,
tk-xy-p,XY trainer Kit (Pikachu Libre),tk-xy-p-8,8,Lightning Energy,missing,,
tk-xy-p,XY trainer Kit (Pikachu Libre),tk-xy-p-9,9,Lightning Energy,missing,,
tk-xy-p,XY trainer Kit (Pikachu Libre),tk-xy-p-10,10,Lightning Energy,missing,,
tk-xy-p,XY trainer Kit (Pikachu Libre),tk-xy-p-11,11,Electrike,missing,,
tk-xy-p,XY trainer Kit (Pikachu Libre),tk-xy-p-12,12,Blitzle,missing,,
tk-xy-p,XY trainer Kit (Pikachu Libre),tk-xy-p-13,13,Manectric,missing,,
tk-xy-p,XY trainer Kit (Pikachu Libre),tk-xy-p-14,14,Pikachu Libre,missing,,
tk-xy-p,XY trainer Kit (Pikachu Libre),tk-xy-p-15,15,Electabuzz,missing,,
tk-xy-p,XY trainer Kit (Pikachu Libre),tk-xy-p-16,16,Fletchling,missing,,
tk-xy-p,XY trainer Kit (Pikachu Libre),tk-xy-p-17,17,Lightning Energy,missing,,
tk-xy-p,XY trainer Kit (Pikachu Libre),tk-xy-p-18,18,Lightning Energy,missing,,
tk-xy-p,XY trainer Kit (Pikachu Libre),tk-xy-p-19,19,Purugly,missing,,
tk-xy-p,XY trainer Kit (Pikachu Libre),tk-xy-p-20,20,Tierno,missing,,
tk-xy-p,XY trainer Kit (Pikachu Libre),tk-xy-p-21,21,Potion,missing,,
tk-xy-p,XY trainer Kit (Pikachu Libre),tk-xy-p-22,22,Manectric,missing,,
tk-xy-p,XY trainer Kit (Pikachu Libre),tk-xy-p-23,23,Electabuzz,missing,,
tk-xy-p,XY trainer Kit (Pikachu Libre),tk-xy-p-24,24,Purugly,missing,,
tk-xy-p,XY trainer Kit (Pikachu Libre),tk-xy-p-25,25,Electivire,missing,,
tk-xy-p,XY trainer Kit (Pikachu Libre),tk-xy-p-26,26,Blitzle,missing,,
tk-xy-p,XY trainer Kit (Pikachu Libre),tk-xy-p-27,27,Glameow,missing,,
tk-xy-p,XY trainer Kit (Pikachu Libre),tk-xy-p-28,28,Electrike,missing,,
tk-xy-p,XY trainer Kit (Pikachu Libre),tk-xy-p-29,29,Lightning Energy,missing,,
tk-xy-p,XY trainer Kit (Pikachu Libre),tk-xy-p-30,30,Pikachu Libre,missing,,
tk-xy-su,XY trainer Kit (Suicune),tk-xy-su-1,1,Water Energy,missing,,
tk-xy-su,XY trainer Kit (Suicune),tk-xy-su-2,2,Water Energy,missing,,
tk-xy-su,XY trainer Kit (Suicune),tk-xy-su-3,3,Water Energy,missing,,
tk-xy-su,XY trainer Kit (Suicune),tk-xy-su-4,4,Eevee,missing,,
tk-xy-su,XY trainer Kit (Suicune),tk-xy-su-5,5,Water Energy,missing,,
tk-xy-su,XY trainer Kit (Suicune),tk-xy-su-6,6,Frogadier,missing,,
tk-xy-su,XY trainer Kit (Suicune),tk-xy-su-7,7,Ducklett,missing,,
tk-xy-su,XY trainer Kit (Suicune),tk-xy-su-8,8,Water Energy,missing,,
tk-xy-su,XY trainer Kit (Suicune),tk-xy-su-9,9,Water Energy,missing,,
tk-xy-su,XY trainer Kit (Suicune),tk-xy-su-10,10,Water Energy,missing,,
tk-xy-su,XY trainer Kit (Suicune),tk-xy-su-11,11,Froakie,missing,,
tk-xy-su,XY trainer Kit (Suicune),tk-xy-su-12,12,Seaking,missing,,
tk-xy-su,XY trainer Kit (Suicune),tk-xy-su-13,13,Goldeen,missing,,
tk-xy-su,XY trainer Kit (Suicune),tk-xy-su-14,14,Suicune,missing,,
tk-xy-su,XY trainer Kit (Suicune),tk-xy-su-15,15,Potion,missing,,
tk-xy-su,XY trainer Kit (Suicune),tk-xy-su-16,16,Piplup,missing,,
tk-xy-su,XY trainer Kit (Suicune),tk-xy-su-17,17,Water Energy,missing,,
tk-xy-su,XY trainer Kit (Suicune),tk-xy-su-18,18,Swanna,missing,,
tk-xy-su,XY trainer Kit (Suicune),tk-xy-su-19,19,Water Energy,missing,,
tk-xy-su,XY trainer Kit (Suicune),tk-xy-su-20,20,Tierno,missing,,
tk-xy-su,XY trainer Kit (Suicune),tk-xy-su-21,21,Frogadier,missing,,
tk-xy-su,XY trainer Kit (Suicune),tk-xy-su-22,22,Water Energy,missing,,
tk-xy-su,XY trainer Kit (Suicune),tk-xy-su-23,23,Froakie,missing,,
tk-xy-su,XY trainer Kit (Suicune),tk-xy-su-24,24,Ducklett,missing,,
tk-xy-su,XY trainer Kit (Suicune),tk-xy-su-25,25,Seaking,missing,,
tk-xy-su,XY trainer Kit (Suicune),tk-xy-su-26,26,Goldeen,missing,,
tk-xy-su,XY trainer Kit (Suicune),tk-xy-su-27,27,Swanna,missing,,
tk-xy-su,XY trainer Kit (Suicune),tk-xy-su-28,28,Water Energy,missing,,
tk-xy-su,XY trainer Kit (Suicune),tk-xy-su-29,29,Tierno,missing,,
tk-xy-su,XY trainer Kit (Suicune),tk-xy-su-30,30,Suicune,missing,,
tk-xy-sy,XY trainer Kit (Sylveon),tk-xy-sy-1,1,Fletchling,missing,,
tk-xy-sy,XY trainer Kit (Sylveon),tk-xy-sy-2,2,Fairy Energy,missing,,
tk-xy-sy,XY trainer Kit (Sylveon),tk-xy-sy-3,3,Fairy Energy,missing,,
tk-xy-sy,XY trainer Kit (Sylveon),tk-xy-sy-4,4,Switch,missing,,
tk-xy-sy,XY trainer Kit (Sylveon),tk-xy-sy-5,5,Fairy Energy,missing,,
tk-xy-sy,XY trainer Kit (Sylveon),tk-xy-sy-6,6,Fairy Energy,missing,,
tk-xy-sy,XY trainer Kit (Sylveon),tk-xy-sy-7,7,Fairy Energy,missing,,
tk-xy-sy,XY trainer Kit (Sylveon),tk-xy-sy-8,8,Fairy Energy,missing,,
tk-xy-sy,XY trainer Kit (Sylveon),tk-xy-sy-9,9,Fairy Energy,missing,,
tk-xy-sy,XY trainer Kit (Sylveon),tk-xy-sy-10,10,Fairy Energy,missing,,
tk-xy-sy,XY trainer Kit (Sylveon),tk-xy-sy-11,11,Snubbull,missing,,
tk-xy-sy,XY trainer Kit (Sylveon),tk-xy-sy-12,12,Fairy Energy,missing,,
tk-xy-sy,XY trainer Kit (Sylveon),tk-xy-sy-13,13,Eevee,missing,,
tk-xy-sy,XY trainer Kit (Sylveon),tk-xy-sy-14,14,Granbull,missing,,
tk-xy-sy,XY trainer Kit (Sylveon),tk-xy-sy-15,15,Sylveon,missing,,
tk-xy-sy,XY trainer Kit (Sylveon),tk-xy-sy-16,16,Furfrou,missing,,
tk-xy-sy,XY trainer Kit (Sylveon),tk-xy-sy-17,17,Fairy Energy,missing,,
tk-xy-sy,XY trainer Kit (Sylveon),tk-xy-sy-18,18,Fairy Energy,missing,,
tk-xy-sy,XY trainer Kit (Sylveon),tk-xy-sy-19,19,Fletchling,missing,,
tk-xy-sy,XY trainer Kit (Sylveon),tk-xy-sy-20,20,Potion,missing,,
tk-xy-sy,XY trainer Kit (Sylveon),tk-xy-sy-21,21,Eevee,missing,,
tk-xy-sy,XY trainer Kit (Sylveon),tk-xy-sy-22,22,Furfrou,missing,,
tk-xy-sy,XY trainer Kit (Sylveon),tk-xy-sy-23,23,Pokémon Catcher,missing,,
tk-xy-sy,XY trainer Kit (Sylveon),tk-xy-sy-24,24,Potion,missing,,
tk-xy-sy,XY trainer Kit (Sylveon),tk-xy-sy-25,25,Fairy Energy,missing,,
tk-xy-sy,XY trainer Kit (Sylveon),tk-xy-sy-26,26,Poké Ball,missing,,
tk-xy-sy,XY trainer Kit (Sylveon),tk-xy-sy-27,27,Snubbull,missing,,
tk-xy-sy,XY trainer Kit (Sylveon),tk-xy-sy-28,28,Professor’s Letter,missing,,
tk-xy-sy,XY trainer Kit (Sylveon),tk-xy-sy-29,29,Granbull,missing,,
tk-xy-sy,XY trainer Kit (Sylveon),tk-xy-sy-30,30,Sylveon,missing,,
tk-xy-w,XY trainer Kit (Wigglytuff),tk-xy-w-1,1,Swirlix,missing,,
tk-xy-w,XY trainer Kit (Wigglytuff),tk-xy-w-2,2,Pidgeotto,missing,,
tk-xy-w,XY trainer Kit (Wigglytuff),tk-xy-w-3,3,Fairy Energy,missing,,
tk-xy-w,XY trainer Kit (Wigglytuff),tk-xy-w-4,4,Sentret,missing,,
tk-xy-w,XY trainer Kit (Wigglytuff),tk-xy-w-5,5,Fairy Energy,missing,,
tk-xy-w,XY trainer Kit (Wigglytuff),tk-xy-w-6,6,Fairy Energy,missing,,
tk-xy-w,XY trainer Kit (Wigglytuff),tk-xy-w-7,7,Fairy Energy,missing,,
tk-xy-w,XY trainer Kit (Wigglytuff),tk-xy-w-8,8,Fairy Energy,missing,,
tk-xy-w,XY trainer Kit (Wigglytuff),tk-xy-w-9,9,Fairy Energy,missing,,
tk-xy-w,XY trainer Kit (Wigglytuff),tk-xy-w-10,10,Fairy Energy,missing,,
tk-xy-w,XY trainer Kit (Wigglytuff),tk-xy-w-11,11,Pidgey,missing,,
tk-xy-w,XY trainer Kit (Wigglytuff),tk-xy-w-12,12,Jigglypuff,missing,,
tk-xy-w,XY trainer Kit (Wigglytuff),tk-xy-w-13,13,Clefairy,missing,,
tk-xy-w,XY trainer Kit (Wigglytuff),tk-xy-w-14,14,Wigglytuff,missing,,
tk-xy-w,XY trainer Kit (Wigglytuff),tk-xy-w-15,15,Potion,missing,,
tk-xy-w,XY trainer Kit (Wigglytuff),tk-xy-w-16,16,Clefable,missing,,
tk-xy-w,XY trainer Kit (Wigglytuff),tk-xy-w-17,17,Fairy Energy,missing,,
tk-xy-w,XY trainer Kit (Wigglytuff),tk-xy-w-18,18,Swirlix,missing,,
tk-xy-w,XY trainer Kit (Wigglytuff),tk-xy-w-19,19,Clefairy,missing,,
tk-xy-w,XY trainer Kit (Wigglytuff),tk-xy-w-20,20,Potion,missing,,
tk-xy-w,XY trainer Kit (Wigglytuff),tk-xy-w-21,21,Fairy Energy,missing,,
tk-xy-w,XY trainer Kit (Wigglytuff),tk-xy-w-22,22,Fairy Energy,missing,,
tk-xy-w,XY trainer Kit (Wigglytuff),tk-xy-w-23,23,Pidgeotto,missing,,
tk-xy-w,XY trainer Kit (Wigglytuff),tk-xy-w-24,24,Trevor,missing,,
tk-xy-w,XY trainer Kit (Wigglytuff),tk-xy-w-25,25,Jigglypuff,missing,,
tk-xy-w,XY trainer Kit (Wigglytuff),tk-xy-w-26,26,Tierno,missing,,
tk-xy-w,XY trainer Kit (Wigglytuff),tk-xy-w-27,27,Fairy Energy,missing,,
tk-xy-w,XY trainer Kit (Wigglytuff),tk-xy-w-28,28,Clefable,missing,,
tk-xy-w,XY trainer Kit (Wigglytuff),tk-xy-w-29,29,Pidgey,missing,,
tk-xy-w,XY trainer Kit (Wigglytuff),tk-xy-w-30,30,Wigglytuff,missing,,
xya,Yellow A Alternate,xya-24a,24a,M Manectric-EX,missing,,
xya,Yellow A Alternate,xya-28a,28a,Jolteon-EX,missing,,
xya,Yellow A Alternate,xya-54a,54a,Zygarde-EX,missing,,
xya,Yellow A Alternate,xya-55a,55a,M Lucario-EX,missing,,
xya,Yellow A Alternate,xya-92a,92a,Trainers’ Mail,missing,,
xya,Yellow A Alternate,xya-107a,107a,Professor Sycamore,missing,,
